{
  "project_info": {
    "project_number": "421587517083",
    "firebase_url": "https://ordofy-7a6e2.firebaseio.com",
    "project_id": "ordofy-7a6e2",
    "storage_bucket": "ordofy-7a6e2.appspot.com"
  },
  "client": [
    {
      "client_info": {
        "mobilesdk_app_id": "1:421587517083:android:e079709cde96a03d",
        "android_client_info": {
          "package_name": "com.example.compaq.b2b_application"
        }
      },
      "oauth_client": [
        {
          "client_id": "421587517083-79jq3hk9c4vfpgngnesqqlh7hn67rih2.apps.googleusercontent.com",
          "client_type": 3
        }
      ],
      "api_key": [
        {
          "current_key": "AIzaSyDwIF3ShCAHNbIYIVIPR1IJTETCoG2ZifM"
        }
      ],
      "services": {
        "analytics_service": {
          "status": 1
        },
        "appinvite_service": {
          "status": 1,
          "other_platform_oauth_client": []
        },
        "ads_service": {
          "status": 2
        }
      }
    }
  ],
  "configuration_version": "1"
}